{"cameraMode":{"drawMode":0,"name":"Shaded","section":"Shading Mode"},"sceneLighting":true,"audioPlay":false,"sceneViewState":{"m_AlwaysRefresh":false,"showFog":true,"showSkybox":true,"showFlares":true,"showImageEffects":true,"showParticleSystems":true,"showVisualEffectGraphs":true,"m_FxEnabled":true},"in2DMode":false,"pivot":{"x":-3.7546286582946779,"y":-1.1573501825332642,"z":-0.5895137786865234},"rotation":{"x":0.22194388508796693,"y":-0.004391924943774939,"z":0.0009996923618018628,"w":0.9750508069992065},"size":0.7572223544120789,"orthographic":false}